Unnamed: 0,name,localidad,latitude,longitude,type,color
0,Andino,CHAPINERO,4.666848,-74.05257259999999,Centro Comercial,#5c059e
1,Apolo,SANTA FE,4.603365699999999,-74.0743945,Centro Comercial,#5c059e
2,Asturias de Oviedo,MUNICIPIOS ALEDAÑOS,4.8205293,-74.074463,Centro Comercial,#5c059e
3,Avenida 19,SANTA FE,4.6063368,-74.0735603,Centro Comercial,#5c059e
4,Bahia,SUBA,4.7074182,-74.07090199999999,Centro Comercial,#5c059e
5,Antares,MUNICIPIOS ALEDAÑOS,4.6043553,-74.0999404,Centro Comercial,#5c059e
6,Artesanías de la 53,TEUSAQUILLO,4.6408915,-74.0701246,Centro Comercial,#5c059e
7,Atlantis Plaza,CHAPINERO,4.6661196,-74.0549716,Centro Comercial,#5c059e
8,Avenida Chile,CHAPINERO,4.65745,-74.05806989999999,Centro Comercial,#5c059e
9,Bahia Outlet,SAN CRISTOBAL,4.5705623,-74.0932603,Centro Comercial,#5c059e
10,Bazaar Alsacia,KENNEDY,4.6452352,-74.12970410000001,Centro Comercial,#5c059e
11,Bazar del 20 de Julio,SAN CRISTOBAL,4.570088999999999,-74.093612,Centro Comercial,#5c059e
12,Bomaires,KENNEDY,4.63166,-74.1356226,Centro Comercial,#5c059e
13,Bulevar Niza,SUBA,4.746237799999999,-74.1075042,Centro Comercial,#5c059e
14,Calima,PUENTE ARANDA,4.618495999999999,-74.08567699999999,Centro Comercial,#5c059e
15,Bazaar de Chia,MUNICIPIOS ALEDAÑOS,4.732618,-74.341776,Centro Comercial,#5c059e
16,Belmira Plaza,USAQUEN,4.716549,-74.0290232,Centro Comercial,#5c059e
17,Bulevar 53,TEUSAQUILLO,4.6413769,-74.0712195,Centro Comercial,#5c059e
18,Cafam Floresta Mundo Comercial,SUBA,4.6871376,-74.07475269999999,Centro Comercial,#5c059e
19,Calle Real de La Candelaria,CANDELARIA,4.598591,-74.0746236,Centro Comercial,#5c059e
20,Carolina,ANTONIO NARIÑO,4.5864748,-74.1007675,Centro Comercial,#5c059e
21,Cedritos 151,USAQUEN,4.7324009,-74.0415333,Centro Comercial,#5c059e
22,Centro 93,CHAPINERO,4.6772333,-74.05138149999999,Centro Comercial,#5c059e
23,Centro Comercial Plaza Norte,USAQUEN,4.7629188,-74.04294879999999,Centro Comercial,#5c059e
24,Centro de Alta Tecnología,CHAPINERO,4.6639294,-74.0586793,Centro Comercial,#5c059e
25,Carrera Centro Comercial Automotriz,PUENTE ARANDA,4.626060799999999,-74.10833819999999,Centro Comercial,#5c059e
26,Centro 21,ANTONIO NARIÑO,4.608437200000001,-74.07307,Centro Comercial,#5c059e
27,Centro Chia,MUNICIPIOS ALEDAÑOS,4.866575699999999,-74.037081,Centro Comercial,#5c059e
28,Centro Comercial San Andresito Norte,USAQUEN,4.772954299999999,-74.04169060000001,Centro Comercial,#5c059e
29,Centro de diseño Portobello,CHAPINERO,4.6773006,-74.0479781,Centro Comercial,#5c059e
30,Centro Mayor Centro Comercial,ANTONIO NARIÑO,4.5935622,-74.12429399999999,Centro Comercial,#5c059e
31,Chico Centro,CHAPINERO,4.6810828,-74.04940479999999,Centro Comercial,#5c059e
32,Ciprés Plaza,PUENTE ARANDA,4.636288899999999,-74.1008761,Centro Comercial,#5c059e
33,Conjunto comercial Procoil,SANTA FE,4.603196,-74.0688839,Centro Comercial,#5c059e
34,Diver Plaza Alamos,ENGATIVA,4.695254,-74.1100939,Centro Comercial,#5c059e
35,Centro Suba,SUBA,4.7377259,-74.0863026,Centro Comercial,#5c059e
36,Chico Plaza,CHAPINERO,4.683970599999999,-74.04869339999999,Centro Comercial,#5c059e
37,Ciudad Tunal,TUNJUELITO,4.5779008,-74.1302354,Centro Comercial,#5c059e
38,Cosmos 64,CHAPINERO,4.6504724,-74.0630128,Centro Comercial,#5c059e
39,Ecocentro,TEUSAQUILLO,4.6429746,-74.0759618,Centro Comercial,#5c059e
40,Ecoplaza,MUNICIPIOS ALEDAÑOS,4.6005891,-74.0701579,Centro Comercial,#5c059e
41,El Gran 20,SAN CRISTOBAL,4.5697902,-74.0951477,Centro Comercial,#5c059e
42,El GranSan,SANTA FE,4.5987205,-74.0791745,Centro Comercial,#5c059e
43,El Retiro,CHAPINERO,4.665751,-74.054294,Centro Comercial,#5c059e
44,Ferrocarril Plaza,LOS MARTIRES,4.606402,-74.08383359999999,Centro Comercial,#5c059e
45,El Fundador,SANTA FE,4.602713899999999,-74.0752783,Centro Comercial,#5c059e
46,El Gran Madrugón de la calle 13,LOS MARTIRES,4.6131413,-74.0902771,Centro Comercial,#5c059e
47,El Regalazo,SAN CRISTOBAL,4.5726735,-74.0917048,Centro Comercial,#5c059e
48,El Ring,LOS MARTIRES,4.6043536,-74.0811954,Centro Comercial,#5c059e
49,Fiesta Fontibón,FONTIBON,4.6744458,-74.1443991,Centro Comercial,#5c059e
50,Fiesta Suba,SUBA,4.7444042,-74.0924656,Centro Comercial,#5c059e
51,Fontanar,MUNICIPIOS ALEDAÑOS,4.8671805,-74.0377866,Centro Comercial,#5c059e
52,Gran Estación,TEUSAQUILLO,4.6478715,-74.101491,Centro Comercial,#5c059e
53,Grandes Marcas,SUBA,4.6911546,-74.0747397,Centro Comercial,#5c059e
54,Halley,USAQUEN,4.6995803,-74.04267209999999,Centro Comercial,#5c059e
55,Floresta Outlet,SUBA,4.6917871,-74.0746236,Centro Comercial,#5c059e
56,Galerías,TEUSAQUILLO,4.643118200000001,-74.074784,Centro Comercial,#5c059e
57,Granada Hills,USAQUEN,4.7293459,-74.0494184,Centro Comercial,#5c059e
58,Hacienda Santa Bárbara,USAQUEN,4.693390400000001,-74.0328937,Centro Comercial,#5c059e
59,Hayuelos,FONTIBON,4.6637797,-74.1307305,Centro Comercial,#5c059e
60,Heliocentro,ANTONIO NARIÑO,4.5878744,-74.10037009999999,Centro Comercial,#5c059e
61,Iserra 100,BARRIOS UNIDOS,4.6510245,-74.06022879999999,Centro Comercial,#5c059e
62,La Gallerie,USAQUEN,4.697616399999999,-74.0432901,Centro Comercial,#5c059e
63,La Novena,CANDELARIA,4.6006658,-74.0762937,Centro Comercial,#5c059e
64,La Sabana,LOS MARTIRES,4.6059169,-74.0841933,Centro Comercial,#5c059e
65,Intercentro,SANTA FE,4.6104897,-74.0711468,Centro Comercial,#5c059e
66,La Colina 138,SUBA,4.7261389,-74.0603546,Centro Comercial,#5c059e
67,La Macarena,SANTA FE,4.613884,-74.0670629,Centro Comercial,#5c059e
68,La Pajarera del 20,SAN CRISTOBAL,4.5723183,-74.0909791,Centro Comercial,#5c059e
69,Lago 80,CHAPINERO,4.666458899999999,-74.05709499999999,Centro Comercial,#5c059e
70,Lagocentro,CHAPINERO,4.6662352,-74.0574776,Centro Comercial,#5c059e
71,Las Avenidas,LOS MARTIRES,4.6037111,-74.0803695,Centro Comercial,#5c059e
72,Los Angeles,SANTA FE,4.6036964,-74.0697591,Centro Comercial,#5c059e
73,Mazuren,SUBA,4.7362611,-74.0498336,Centro Comercial,#5c059e
74,Metro 127,USAQUEN,4.7037599,-74.04312829999999,Centro Comercial,#5c059e
75,Las Américas,PUENTE ARANDA,4.602121299999999,-74.1137347,Centro Comercial,#5c059e
76,Los 3 Elefantes,SUBA,4.6914421,-74.06315049999999,Centro Comercial,#5c059e
77,Mall 138,SUBA,4.727759199999999,-74.0678179,Centro Comercial,#5c059e
78,Mercurio,MUNICIPIOS ALEDAÑOS,4.6192548,-74.0681105,Centro Comercial,#5c059e
79,Metro San Cayetano,ENGATIVA,4.6772572,-74.11566959999999,Centro Comercial,#5c059e
80,Metrocentro,SANTA FE,4.6007397,-74.07781419999999,Centro Comercial,#5c059e
81,Milenio Center,LOS MARTIRES,4.6042779,-74.0811058,Centro Comercial,#5c059e
82,Minicentro comercial La Trece,LOS MARTIRES,4.6038842,-74.079937,Centro Comercial,#5c059e
83,Monserrate,CANDELARIA,4.6047477,-74.0716946,Centro Comercial,#5c059e
84,Mundo Artesanal,TEUSAQUILLO,4.6406466,-74.0667653,Centro Comercial,#5c059e
85,Metrópolis,BARRIOS UNIDOS,4.6804792,-74.0823131,Centro Comercial,#5c059e
86,Milenio Plaza,KENNEDY,4.6297698,-74.1692011,Centro Comercial,#5c059e
87,Mirandela Plaza,SUBA,4.7655923,-74.04718869999999,Centro Comercial,#5c059e
88,Mundo Arte de la 53,TEUSAQUILLO,4.6407313,-74.0686435,Centro Comercial,#5c059e
89,Mundo G.S.M,LOS MARTIRES,4.6039008,-74.08052750000002,Centro Comercial,#5c059e
90,Niza,SUBA,4.712281,-74.0712189,Centro Comercial,#5c059e
91,Opera Plaza,SANTA FE,4.6141557,-74.07114729999999,Centro Comercial,#5c059e
92,Orbicentro 2,TEUSAQUILLO,4.6420312,-74.0763192,Centro Comercial,#5c059e
93,Palatino,USAQUEN,4.7155447,-74.029229,Centro Comercial,#5c059e
94,Parque La Colina,SUBA,4.7322313,-74.06660649999999,Centro Comercial,#5c059e
95,Omni 19,SANTA FE,4.6056362,-74.072441,Centro Comercial,#5c059e
96,Orbicentro,USAQUEN,4.698016,-74.043425,Centro Comercial,#5c059e
97,Outlet Centro Comercial Bima,SUBA,4.80786,-74.0378783,Centro Comercial,#5c059e
98,Palma Real,SANTA FE,4.6157507,-74.0699616,Centro Comercial,#5c059e
99,Pasaje comercial de la Sabana,LOS MARTIRES,4.6038709,-74.0805924,Centro Comercial,#5c059e
100,Pasaje comercial Tecnicelulares,LOS MARTIRES,4.6041777,-74.080987,Centro Comercial,#5c059e
101,Pasaje Paisa,SANTA FE,4.5999056,-74.0793504,Centro Comercial,#5c059e
102,Paseo San Rafael,SUBA,4.7230129,-74.0621409,Centro Comercial,#5c059e
103,Plaza 138,SUBA,4.7290556,-74.0660675,Centro Comercial,#5c059e
104,Plaza 54,TEUSAQUILLO,4.6428885,-74.0740344,Centro Comercial,#5c059e
105,Pasaje La Piñata,TUNJUELITO,4.5921749,-74.1347653,Centro Comercial,#5c059e
106,Paseo San Rafael,SUBA,4.7228893,-74.0622362,Centro Comercial,#5c059e
107,Plaza 102,USAQUEN,4.6878579,-74.05198010000001,Centro Comercial,#5c059e
108,Plaza 39,SANTA FE,4.6257413,-74.0659822,Centro Comercial,#5c059e
109,Plaza 80,SUBA,4.6924202,-74.086337,Centro Comercial,#5c059e
110,Plaza Aventura,SUBA,4.720105,-74.0683037,Centro Comercial,#5c059e
111,Plaza Center,LOS MARTIRES,4.603498500000001,-74.0802179,Centro Comercial,#5c059e
112,Plaza Comercial Primavera,ENGATIVA,4.70349,-74.1027872,Centro Comercial,#5c059e
113,Plaza Imperial,SUBA,4.7499839,-74.0958334,Centro Comercial,#5c059e
114,Portal 80,ENGATIVA,4.709607999999999,-74.1112871,Centro Comercial,#5c059e
115,Plaza Belaire,USAQUEN,4.727362400000001,-74.02425889999999,Centro Comercial,#5c059e
116,Plaza Central,PUENTE ARANDA,4.6318002,-74.1154979,Centro Comercial,#5c059e
117,Plaza de las Américas,KENNEDY,4.618056,-74.1350296,Centro Comercial,#5c059e
118,Plaza Mayor Centro Comercial,MUNICIPIOS ALEDAÑOS,4.8628444,-74.0533322,Centro Comercial,#5c059e
119,Portoalegre,SUBA,4.7277656,-74.06508,Centro Comercial,#5c059e
120,Puerta del Sol,USAQUEN,4.7194655,-74.0367234,Centro Comercial,#5c059e
121,Puerto López,TUNJUELITO,4.5927472,-74.13468379999999,Centro Comercial,#5c059e
122,Quirinal,TEUSAQUILLO,4.6523644,-74.0871859,Centro Comercial,#5c059e
123,Runcar,SAN CRISTOBAL,4.5704803,-74.0937877,Centro Comercial,#5c059e
124,Sabana Plaza,LOS MARTIRES,4.606931599999999,-74.0852701,Centro Comercial,#5c059e
125,Puerta Grande San Jose,LOS MARTIRES,4.606351399999999,-74.08916239999999,Centro Comercial,#5c059e
126,Punto 72,ENGATIVA,4.6966464,-74.1064281,Centro Comercial,#5c059e
127,Rego conjunto comercial,ANTONIO NARIÑO,4.593783999999999,-74.1373832,Centro Comercial,#5c059e
128,Sabana Norte Chia,MUNICIPIOS ALEDAÑOS,4.5836462,-74.0774159,Centro Comercial,#5c059e
129,Salitre Plaza,FONTIBON,4.653319199999999,-74.1101482,Centro Comercial,#5c059e
130,San Diego,ANTONIO NARIÑO,4.586274599999999,-74.1019879,Centro Comercial,#5c059e
131,San Martín,SANTA FE,4.6188193,-74.0679005,Centro Comercial,#5c059e
132,Santafé,SUBA,4.763217,-74.0458089,Centro Comercial,#5c059e
133,Show Place,USAQUEN,4.723222,-74.02683929999999,Centro Comercial,#5c059e
134,Starco,USAQUEN,4.6966245,-74.0429102,Centro Comercial,#5c059e
135,San Francisco,ENGATIVA,4.697703499999999,-74.0927299,Centro Comercial,#5c059e
136,Santa Ana,USAQUEN,4.6909377,-74.03859059999999,Centro Comercial,#5c059e
137,Shopping 104,USAQUEN,4.6886092,-74.0471385,Centro Comercial,#5c059e
138,Social del Restrepo,ANTONIO NARIÑO,4.5888596,-74.0994156,Centro Comercial,#5c059e
139,Subazar,SUBA,4.738532999999999,-74.08516399999999,Centro Comercial,#5c059e
140,Terraza Pasteur,SANTA FE,4.609756,-74.07003329999999,Centro Comercial,#5c059e
141,Titan Plaza,SUBA,4.695188400000001,-74.08624209999999,Centro Comercial,#5c059e
142,Unicentro,USAQUEN,4.703228,-74.0421727,Centro Comercial,#5c059e
143,Unilago,CHAPINERO,4.664958899999999,-74.0584452,Centro Comercial,#5c059e
144,Unisur,MUNICIPIOS ALEDAÑOS,4.5849034,-74.2068823,Centro Comercial,#5c059e
145,Tintal Plaza,KENNEDY,4.6419128,-74.1550203,Centro Comercial,#5c059e
146,Torre Ciudad Ltda,PUENTE ARANDA,4.630738099999999,-74.1172287,Centro Comercial,#5c059e
147,Unicentro de Occidente,ENGATIVA,4.723000799999999,-74.1150035,Centro Comercial,#5c059e
148,Unilago,CHAPINERO,4.664958899999999,-74.0584452,Centro Comercial,#5c059e
149,Universal,LOS MARTIRES,4.6035749,-74.0801673,Centro Comercial,#5c059e
150,Parque Cedro Golf Club,USAQUEN,4.725616,-74.026808,Atractivo Turistico,#00B4EB
151,Vitrina Turística ANATO,TEUSAQUILLO,4.629172,-74.089762,Atractivo Turistico,#00B4EB
152,Plaza Fundacional de Suba,SUBA,4.740978,-74.083849,Atractivo Turistico,#00B4EB
153,Edificio El Tiempo,CANDELARIA,4.601176,-74.073338,Atractivo Turistico,#00B4EB
154,Iglesia Inmaculada Concepción de Suba,SUBA,4.740335,-74.082805,Atractivo Turistico,#00B4EB
155,Aula Ambiental Soratama,USAQUEN,4.741675,-74.013253,Atractivo Turistico,#00B4EB
156,Distrito Grafiti,PUENTE ARANDA,4.624569,-74.113137,Atractivo Turistico,#00B4EB
157,Festival de la Chicha la Vida y la Dicha,SANTA FE,4.617198,-74.064586,Atractivo Turistico,#00B4EB
158,Parque Mirador de los Nevados,SUBA,4.742167,-74.079908,Atractivo Turistico,#00B4EB
159,Centro Cultural y Biblioteca Pública Julio Mario Santo Domingo,SUBA,4.756568,-74.062717,Atractivo Turistico,#00B4EB
160,Teatro Mayor Julio Mario Santo Domingo,SUBA,4.756568,-74.062717,Atractivo Turistico,#00B4EB
161,Parque Fontanar del Río,SUBA,4.756278,-74.111399,Atractivo Turistico,#00B4EB
162,Divercity,SUBA,4.762071,-74.045748,Atractivo Turistico,#00B4EB
163,Centro Comercial Santafé,SUBA,4.762279,-74.046435,Atractivo Turistico,#00B4EB
164,Parque Velódromo Primero de Mayo,SAN CRISTOBAL,4.573447,-74.088664,Atractivo Turistico,#00B4EB
165,Escultura Divino Niño del 20 de Julio,SAN CRISTOBAL,4.568036,-74.095666,Atractivo Turistico,#00B4EB
166,Santuario del Niño Jesús,SAN CRISTOBAL,4.568672,-74.09558,Atractivo Turistico,#00B4EB
167,Monumento a los Héroes,CHAPINERO,4.666228,-74.060681,Atractivo Turistico,#00B4EB
168,Parque de los Hippies,CHAPINERO,4.645401,-74.061969,Atractivo Turistico,#00B4EB
169,Estatua San Francisco de Asís,CHAPINERO,4.657269,-74.058486,Atractivo Turistico,#00B4EB
170,Capilla de los Santos Apóstoles del Gimnasio Moderno,CHAPINERO,4.659014,-74.055433,Atractivo Turistico,#00B4EB
171,Monumento al Almirante José Prudencio Padilla,TEUSAQUILLO,4.627045,-74.075259,Atractivo Turistico,#00B4EB
172,Barrio Bosque Izquierdo,SANTA FE,4.610806,-74.066288,Atractivo Turistico,#00B4EB
173,Edificios Gimnasio Moderno,CHAPINERO,4.659314,-74.055982,Atractivo Turistico,#00B4EB
174,Calima Centro Comercial Bogotá,LOS MARTIRES,4.61812,-74.085775,Atractivo Turistico,#00B4EB
175,Centro Mayor Centro Comercial,ANTONIO NARIÑO,4.591749,-74.124033,Atractivo Turistico,#00B4EB
176,Centro Comercial Andino,CHAPINERO,4.666734,-74.053111,Atractivo Turistico,#00B4EB
177,El Retiro Shopping Center,CHAPINERO,4.66581,-74.05419,Atractivo Turistico,#00B4EB
178,Parque Ciudad Montes,PUENTE ARANDA,4.602472,-74.115598,Atractivo Turistico,#00B4EB
179,Carrera Séptima,SANTA FE,4.605298,-74.07158,Atractivo Turistico,#00B4EB
180,Plaza Distrital de Mercado Doce de Octubre,BARRIOS UNIDOS,4.669114,-74.074433,Atractivo Turistico,#00B4EB
181,Centro Comercial Parque la Colina,SUBA,4.732945,-74.066363,Atractivo Turistico,#00B4EB
182,Iglesia de Jesucristo de los Santos de los Últimos Días,SUBA,4.707988,-74.056246,Atractivo Turistico,#00B4EB
183,Edificio Ministerio de Hacienda y Crédito Público,CANDELARIA,4.594126,-74.078394,Atractivo Turistico,#00B4EB
184,Museo de Ciencias Universidad El Bosque,USAQUEN,4.710697,-74.032052,Atractivo Turistico,#00B4EB
185,Museo Francisco de Paula Santander,USAQUEN,4.725099,-74.02554,Atractivo Turistico,#00B4EB
186,Casa de la Alcaldía de Usaquén,USAQUEN,4.695151,-74.031454,Atractivo Turistico,#00B4EB
187,Zona Gastronómica de Usaquén,USAQUEN,4.695449,-74.030436,Atractivo Turistico,#00B4EB
188,Transmicable,TUNJUELITO,4.571451,-74.139199,Atractivo Turistico,#00B4EB
189,Zona Comercial de Outlets de Las Américas,PUENTE ARANDA,4.629842,-74.116161,Atractivo Turistico,#00B4EB
190,Parque Metropolitano El Country,USAQUEN,4.706199,-74.038002,Atractivo Turistico,#00B4EB
191,Parque Navarra,USAQUEN,4.694385,-74.052804,Atractivo Turistico,#00B4EB
192,Parque República de Francia,USAQUEN,4.69046,-74.047181,Atractivo Turistico,#00B4EB
193,Iglesia Santa Bárbara de Usaquén,USAQUEN,4.694963,-74.030409,Atractivo Turistico,#00B4EB
194,Plaza Fundacional de Usaquén,USAQUEN,4.6951,-74.030949,Atractivo Turistico,#00B4EB
195,Buendía Exposición Artesanal,USAQUEN,4.695703,-74.029498,Atractivo Turistico,#00B4EB
196,Pasaje Hernández,CANDELARIA,4.600256,-74.076055,Atractivo Turistico,#00B4EB
197,Iglesia Santa Beatriz,USAQUEN,4.698812,-74.043572,Atractivo Turistico,#00B4EB
198,Casa Hacienda Santa Bárbara Centro Comercial,USAQUEN,4.692739,-74.032462,Atractivo Turistico,#00B4EB
199,Centro Comercial Unicentro,USAQUEN,4.702144,-74.041169,Atractivo Turistico,#00B4EB
200,Santa Ana Centro Comercial Boutique,USAQUEN,4.690704,-74.036791,Atractivo Turistico,#00B4EB
201,Estación del Ferrocarril de Usaquén,USAQUEN,4.691039,-74.037294,Atractivo Turistico,#00B4EB
202,Tren Turístico de la Sabana,USAQUEN,4.690717,-74.03787,Atractivo Turistico,#00B4EB
203,Zona Comercial de Outlets de La Floresta,SUBA,4.691658,-74.074273,Atractivo Turistico,#00B4EB
204,Escultura Hombre a Caballo,LOS MARTIRES,4.620129,-74.076565,Atractivo Turistico,#00B4EB
205,Cementerio Alemán,LOS MARTIRES,4.620604,-74.077029,Atractivo Turistico,#00B4EB
206,Parque El Renacimiento,LOS MARTIRES,4.619577,-74.077329,Atractivo Turistico,#00B4EB
207,Casa Museo Rafael Uribe Uribe,CANDELARIA,4.595133,-74.075738,Atractivo Turistico,#00B4EB
208,Mezquita Abu Bakr Al Siddique,BARRIOS UNIDOS,4.674527,-74.067383,Atractivo Turistico,#00B4EB
209,Parque Urbanización Autopista Norte,USAQUEN,4.725256,-74.048402,Atractivo Turistico,#00B4EB
210,Monumento a Jorge Eliécer Gaitán,BARRIOS UNIDOS,4.67493,-74.072562,Atractivo Turistico,#00B4EB
211,Monumento a los Héroes Ignotos de la Independencia,BARRIOS UNIDOS,4.659336,-74.088579,Atractivo Turistico,#00B4EB
212,Palacio de los Deportes,BARRIOS UNIDOS,4.655441,-74.084111,Atractivo Turistico,#00B4EB
213,Teatro Cafam,BARRIOS UNIDOS,4.684874,-74.073231,Atractivo Turistico,#00B4EB
214,Museo del Ser Humano,LOS MARTIRES,4.615778,-74.077211,Atractivo Turistico,#00B4EB
215,Obelisco a Los Mártires,LOS MARTIRES,4.601825,-74.081736,Atractivo Turistico,#00B4EB
216,Escultura La Rebeca,SANTA FE,4.612206,-74.071486,Atractivo Turistico,#00B4EB
217,Escultura Las Edades de Bogotá,CANDELARIA,4.605734,-74.066927,Atractivo Turistico,#00B4EB
218,Monumento a George Washington,SANTA FE,4.612249,-74.070314,Atractivo Turistico,#00B4EB
219,Basílica Menor del Voto Nacional,LOS MARTIRES,4.602316,-74.082425,Atractivo Turistico,#00B4EB
220,Museo del Mar,SANTA FE,4.607117,-74.067721,Atractivo Turistico,#00B4EB
221,Monumento a Rafael Uribe Uribe,SANTA FE,4.623869,-74.065765,Atractivo Turistico,#00B4EB
222,Teatro Faenza,SANTA FE,4.607577,-74.069388,Atractivo Turistico,#00B4EB
223,Plaza de Mercado Paloquemao,LOS MARTIRES,4.616132,-74.083883,Atractivo Turistico,#00B4EB
224,Museo de la Sociedad de Cirugía de Bogotá,LOS MARTIRES,4.603815,-74.086045,Atractivo Turistico,#00B4EB
225,Monumento a José de San Martín,SANTA FE,4.618465,-74.068546,Atractivo Turistico,#00B4EB
226,Relieves del Banco de la República,SANTA FE,4.601485,-74.073134,Atractivo Turistico,#00B4EB
227,Parque El Virrey,CHAPINERO,4.672932,-74.054189,Atractivo Turistico,#00B4EB
228,Plaza de Lourdes,CHAPINERO,4.649688,-74.063109,Atractivo Turistico,#00B4EB
229,Parque El Nogal,CHAPINERO,4.664393,-74.053316,Atractivo Turistico,#00B4EB
230,Sector Comercial de la Calle 53,TEUSAQUILLO,4.641191,-74.070821,Atractivo Turistico,#00B4EB
231,Parque 93,CHAPINERO,4.676767,-74.048306,Atractivo Turistico,#00B4EB
232,Museo Nacional de Colombia,SANTA FE,4.615229,-74.067805,Atractivo Turistico,#00B4EB
233,La Balsa Muisca,SANTA FE,4.601633,-74.071985,Atractivo Turistico,#00B4EB
234,Mezquita Estambul,TEUSAQUILLO,4.63304,-74.068527,Atractivo Turistico,#00B4EB
235,Planetario de Bogotá,SANTA FE,4.612043,-74.068853,Atractivo Turistico,#00B4EB
236,Biblioteca Infantil Rafael Pombo,TEUSAQUILLO,4.647327,-74.070039,Atractivo Turistico,#00B4EB
237,Calle de los Anticuarios,CHAPINERO,4.662095,-74.051282,Atractivo Turistico,#00B4EB
238,Poporo Quimbaya,SANTA FE,4.601716,-74.071925,Atractivo Turistico,#00B4EB
239,Cementerio Central de Bogotá,LOS MARTIRES,4.616359,-74.0752,Atractivo Turistico,#00B4EB
240,Museo de Artes Gráficas,TEUSAQUILLO,4.64898,-74.105333,Atractivo Turistico,#00B4EB
241,Escultura Caracol en Crecimiento Limitado,TEUSAQUILLO,4.649479,-74.101671,Atractivo Turistico,#00B4EB
242,Mausoleo de Francisco de Paula Santander,LOS MARTIRES,4.616589,-74.074885,Atractivo Turistico,#00B4EB
243,Monumento a los Militares y Policías caídos en combate,TEUSAQUILLO,4.645681,-74.097511,Atractivo Turistico,#00B4EB
244,Templete Eucarístico,TEUSAQUILLO,4.660705,-74.094103,Atractivo Turistico,#00B4EB
245,Parque Central Simón Bolívar,TEUSAQUILLO,4.658609,-74.094056,Atractivo Turistico,#00B4EB
246,Museo del Espacio,SANTA FE,4.611919,-74.068678,Atractivo Turistico,#00B4EB
247,Edificio Jockey Club,SANTA FE,4.601415,-74.072164,Atractivo Turistico,#00B4EB
248,Zona Comercial de San Victorino,SANTA FE,4.601401,-74.079284,Atractivo Turistico,#00B4EB
249,Plaza de San Victorino,SANTA FE,4.601943,-74.078563,Atractivo Turistico,#00B4EB
250,Escultura La Gran Mariposa,SANTA FE,4.60203,-74.078196,Atractivo Turistico,#00B4EB
251,Plazoleta de las Nieves,CANDELARIA,4.606432,-74.071559,Atractivo Turistico,#00B4EB
252,Monumento a Francisco José de Caldas,SANTA FE,4.606326,-74.071414,Atractivo Turistico,#00B4EB
253,Monumento Lanzando la Onda,SANTA FE,4.610549,-74.073559,Atractivo Turistico,#00B4EB
254,Biblioteca Pública Virgilio Barco,TEUSAQUILLO,4.655969,-74.08854,Atractivo Turistico,#00B4EB
255,Museo Mercedes Sierra de Pérez El Chicó,CHAPINERO,4.673676,-74.043872,Atractivo Turistico,#00B4EB
256,Seminario Mayor de Bogotá,CHAPINERO,4.672949,-74.04088,Atractivo Turistico,#00B4EB
257,Parque El Chicó,CHAPINERO,4.672897,-74.044147,Atractivo Turistico,#00B4EB
258,Escultura Virgen de la Inmaculada Concepción,CANDELARIA,4.59878,-74.077743,Atractivo Turistico,#00B4EB
259,Cuadro de la Virgen de Guadalupe,SANTA FE,4.591775,-74.054225,Atractivo Turistico,#00B4EB
260,Iglesia Santa Ana,TEUSAQUILLO,4.622653,-74.071905,Atractivo Turistico,#00B4EB
261,Escultura Virgen de Guadalupe,SANTA FE,4.591899,-74.054823,Atractivo Turistico,#00B4EB
262,Cinemateca de Bogotá,SANTA FE,4.603244,-74.067607,Atractivo Turistico,#00B4EB
263,Museo del Oro,SANTA FE,4.601821,-74.071796,Atractivo Turistico,#00B4EB
264,Escultura del Señor Caído de Monserrate,SANTA FE,4.605324,-74.055515,Atractivo Turistico,#00B4EB
265,Basílica Santuario del Señor Caído de Monserrate,SANTA FE,4.605737,-74.055354,Atractivo Turistico,#00B4EB
266,Funicular Monserrate,CANDELARIA,4.60311,-74.060767,Atractivo Turistico,#00B4EB
267,Primer Vagón del Funicular,CANDELARIA,4.60311,-74.060767,Atractivo Turistico,#00B4EB
268,Teleférico Monserrate,CANDELARIA,4.602998,-74.060742,Atractivo Turistico,#00B4EB
269,Estadio Nemesio Camacho El Campín,TEUSAQUILLO,4.645909,-74.077539,Atractivo Turistico,#00B4EB
270,Edificio Jefatura de Reclutamiento y Control de Reservas,LOS MARTIRES,4.600893,-74.082428,Atractivo Turistico,#00B4EB
271,Iglesia de la Veracruz,SANTA FE,4.602521,-74.073047,Atractivo Turistico,#00B4EB
272,Museo Colonial,CANDELARIA,4.596683,-74.075263,Atractivo Turistico,#00B4EB
273,Museo Santa Clara,CANDELARIA,4.596823,-74.077496,Atractivo Turistico,#00B4EB
274,Pila del Mono,CANDELARIA,4.596642,-74.075321,Atractivo Turistico,#00B4EB
275,Museo de Trajes,CANDELARIA,4.597113,-74.075083,Atractivo Turistico,#00B4EB
276,Templete del Libertador,SANTA FE,4.601166,-74.069212,Atractivo Turistico,#00B4EB
277,Torre del Reloj,SANTA FE,4.624008,-74.064442,Atractivo Turistico,#00B4EB
278,Edificio Quiosco de la Luz,SANTA FE,4.610775,-74.068858,Atractivo Turistico,#00B4EB
279,Plaza Distrital de Mercado La Perseverancia,SANTA FE,4.616407,-74.065935,Atractivo Turistico,#00B4EB
280,Parque Independencia,SANTA FE,4.611121,-74.068615,Atractivo Turistico,#00B4EB
281,Museo Histórico de la Policía Nacional,CANDELARIA,4.597496,-74.07855,Atractivo Turistico,#00B4EB
282,Conjunto Residencial Torres del Parque,SANTA FE,4.612762,-74.067481,Atractivo Turistico,#00B4EB
283,Plazoleta La Rebeca,SANTA FE,4.612258,-74.071509,Atractivo Turistico,#00B4EB
284,Barrio La Merced,SANTA FE,4.621661,-74.065495,Atractivo Turistico,#00B4EB
285,Edificio del Gun Club,SANTA FE,4.603141,-74.073345,Atractivo Turistico,#00B4EB
286,Pila del Mono,SANTA FE,4.6135,-74.069632,Atractivo Turistico,#00B4EB
287,Museo Militar de Colombia,CANDELARIA,4.596316,-74.073758,Atractivo Turistico,#00B4EB
288,Museo Arqueológico - MUSA - Casa del Marqués de San Jorge,CANDELARIA,4.595006,-74.076332,Atractivo Turistico,#00B4EB
289,Teatro Colón,CANDELARIA,4.59675,-74.074311,Atractivo Turistico,#00B4EB
290,Hayuelos Centro Comercial y Empresarial,FONTIBON,4.663668,-74.130319,Atractivo Turistico,#00B4EB
291,Centro Comercial Atlantis Plaza,CHAPINERO,4.666077,-74.055772,Atractivo Turistico,#00B4EB
292,Monumento Américo Vespucio,CHAPINERO,4.677007,-74.040437,Atractivo Turistico,#00B4EB
293,Escultura Ala Solar,TEUSAQUILLO,4.625029,-74.080139,Atractivo Turistico,#00B4EB
294,Escultura Homenaje a Gandhi,CHAPINERO,4.679462,-74.03815,Atractivo Turistico,#00B4EB
295,Estatua Antonio José de Sucre,CHAPINERO,4.649974,-74.062782,Atractivo Turistico,#00B4EB
296,Iglesia y Recoleta San Diego,SANTA FE,4.612778,-74.069892,Atractivo Turistico,#00B4EB
297,Plaza Distrital de Mercado Veinte de Julio,SAN CRISTOBAL,4.569921,-74.093181,Atractivo Turistico,#00B4EB
298,Escultura Nuestra Señora del Campo,SANTA FE,4.612643,-74.069914,Atractivo Turistico,#00B4EB
299,La Puerta Falsa,CANDELARIA,4.598013,-74.074845,Atractivo Turistico,#00B4EB
300,Plaza Central Centro Comercial,PUENTE ARANDA,4.63186,-74.115526,Atractivo Turistico,#00B4EB
301,Edificio Torre Colpatria,SANTA FE,4.610846,-74.070287,Atractivo Turistico,#00B4EB
302,Mirador Torre Colpatria,SANTA FE,4.610995,-74.070214,Atractivo Turistico,#00B4EB
303,Centro de Memoria Paz y Reconciliación,LOS MARTIRES,4.619005,-74.076583,Atractivo Turistico,#00B4EB
304,Centro de Alto Rendimiento,BARRIOS UNIDOS,4.660066,-74.086169,Atractivo Turistico,#00B4EB
305,Zona G,CHAPINERO,4.650946,-74.055631,Atractivo Turistico,#00B4EB
306,Museo de la Ciencia y el Juego,TEUSAQUILLO,4.638847,-74.08719,Atractivo Turistico,#00B4EB
307,Museo de Historia Natural,TEUSAQUILLO,4.642413,-74.081753,Atractivo Turistico,#00B4EB
308,Complejo Acuático Simón Bolívar,BARRIOS UNIDOS,4.65482,-74.083506,Atractivo Turistico,#00B4EB
309,Festival Rock al Parque,TEUSAQUILLO,4.657736,-74.093555,Atractivo Turistico,#00B4EB
310,Festival Colombia al Parque,BARRIOS UNIDOS,4.654757,-74.08122,Atractivo Turistico,#00B4EB
311,Festival Jazz al Parque,USAQUEN,4.706199,-74.038002,Atractivo Turistico,#00B4EB
312,Festival Hip Hop al Parque,TEUSAQUILLO,4.65848,-74.093458,Atractivo Turistico,#00B4EB
313,Festival Salsa al Parque,TEUSAQUILLO,4.65848,-74.093458,Atractivo Turistico,#00B4EB
314,Sector de Las Flores,CHAPINERO,4.653601,-74.062805,Atractivo Turistico,#00B4EB
315,Parque Los Novios,BARRIOS UNIDOS,4.655415,-74.081036,Atractivo Turistico,#00B4EB
316,Quinta de Mutis,BARRIOS UNIDOS,4.654377,-74.072988,Atractivo Turistico,#00B4EB
317,Edificio Las Falcas,SANTA FE,4.616392,-74.069437,Atractivo Turistico,#00B4EB
318,Edificio Las Cavas,SANTA FE,4.61663,-74.069356,Atractivo Turistico,#00B4EB
319,Monumento a Francisco de Paula Santander,SANTA FE,4.601968,-74.072559,Atractivo Turistico,#00B4EB
320,Museo Internacional de la Esmeralda,SANTA FE,4.602651,-74.072284,Atractivo Turistico,#00B4EB
321,Mercado de las Pulgas San Alejo,SANTA FE,4.610281,-74.069558,Atractivo Turistico,#00B4EB
322,Museo del Vidrio de Bogotá,SAN CRISTOBAL,4.576659,-74.080587,Atractivo Turistico,#00B4EB
323,Estatua Benito Juárez,CHAPINERO,4.66221,-74.056162,Atractivo Turistico,#00B4EB
324,Plaza de Los Mártires,LOS MARTIRES,4.60184,-74.081744,Atractivo Turistico,#00B4EB
325,Alameda Quebrada La Vieja,CHAPINERO,4.651315,-74.050301,Atractivo Turistico,#00B4EB
326,Hospital de San José,LOS MARTIRES,4.60334,-74.086367,Atractivo Turistico,#00B4EB
327,Palacio de San Francisco,SANTA FE,4.602121,-74.073554,Atractivo Turistico,#00B4EB
328,Parque Santander,SANTA FE,4.601957,-74.072601,Atractivo Turistico,#00B4EB
329,Escultura Nave Espacial,SANTA FE,4.615181,-74.071584,Atractivo Turistico,#00B4EB
330,Zona Rosa,CHAPINERO,4.667722,-74.054495,Atractivo Turistico,#00B4EB
331,Escultura Rita 5:30 P.M.,SANTA FE,4.625534,-74.065589,Atractivo Turistico,#00B4EB
332,Zona T,CHAPINERO,4.666922,-74.054944,Atractivo Turistico,#00B4EB
333,Estadio Metropolitano de Techo,KENNEDY,4.623412,-74.135273,Atractivo Turistico,#00B4EB
334,Unidad Deportiva El Salitre,ENGATIVA,4.664746,-74.097288,Atractivo Turistico,#00B4EB
335,Museo de Arte Contemporáneo de Bogotá,ENGATIVA,4.698523,-74.090311,Atractivo Turistico,#00B4EB
336,Edificio World Service,SANTA FE,4.611607,-74.071379,Atractivo Turistico,#00B4EB
337,Talla en madera de la Iglesia Franciscana de la Tercera,SANTA FE,4.602698,-74.07285,Atractivo Turistico,#00B4EB
338,Iglesia Franciscana de la Tercera,SANTA FE,4.602847,-74.073056,Atractivo Turistico,#00B4EB
339,Mural Teogonía de los Dioses Chibchas,SANTA FE,4.612994,-74.070815,Atractivo Turistico,#00B4EB
340,Parque Metropolitano El Tunal,TUNJUELITO,4.571977,-74.134507,Atractivo Turistico,#00B4EB
341,Plaza Fundacional de Bosa,BOSA,4.609888,-74.184721,Atractivo Turistico,#00B4EB
342,Templo Doctrinero de San Bernardino de Bosa,BOSA,4.608994,-74.184138,Atractivo Turistico,#00B4EB
343,Vereda El Uval,USME,4.466647,-74.095538,Atractivo Turistico,#00B4EB
344,Edicifio de la Facultad de Artes ASAB de la Universidad Distrital Francisco José de Caldas,SANTA FE,4.604684,-74.078463,Atractivo Turistico,#00B4EB
345,Edificio Hotel Tequendama,SANTA FE,4.613222,-74.070736,Atractivo Turistico,#00B4EB
346,Capitolio Nacional,CANDELARIA,4.597197,-74.076529,Atractivo Turistico,#00B4EB
347,Biblioteca Pública El Tintal Manuel Zapata Olivella,KENNEDY,4.643049,-74.154675,Atractivo Turistico,#00B4EB
348,Parque Mundo Aventura,KENNEDY,4.622384,-74.135036,Atractivo Turistico,#00B4EB
349,Palacio de Nariño,CANDELARIA,4.595327,-74.077623,Atractivo Turistico,#00B4EB
350,Escultura Simón Bolívar,CANDELARIA,4.597936,-74.076111,Atractivo Turistico,#00B4EB
351,Museo Botero,CANDELARIA,4.596422,-74.073325,Atractivo Turistico,#00B4EB
352,Museo Casa de Moneda,CANDELARIA,4.59677,-74.073574,Atractivo Turistico,#00B4EB
353,Museo de Arte Miguel Urrutia,CANDELARIA,4.596522,-74.072964,Atractivo Turistico,#00B4EB
354,Custodia La Lechuga,CANDELARIA,4.596486,-74.072976,Atractivo Turistico,#00B4EB
355,Biblioteca Nacional de Colombia,SANTA FE,4.609532,-74.068652,Atractivo Turistico,#00B4EB
356,Edificio Academia Colombiana de la Lengua,CANDELARIA,4.601587,-74.0685,Atractivo Turistico,#00B4EB
357,Conjunto Escultórico 16 Torres,SANTA FE,4.618516,-74.059061,Atractivo Turistico,#00B4EB
358,Parque Metropolitano Timiza - Villa del Río,KENNEDY,4.609124,-74.154352,Atractivo Turistico,#00B4EB
359,Puente de San Antonio de la Zanja,FONTIBON,4.665718,-74.140646,Atractivo Turistico,#00B4EB
360,Monumento a Isabel La Católica y Cristóbal Colón,FONTIBON,4.687546,-74.128474,Atractivo Turistico,#00B4EB
361,Catedral Santiago Apóstol,FONTIBON,4.672558,-74.144115,Atractivo Turistico,#00B4EB
362,Maloka Museo Interactivo,FONTIBON,4.655647,-74.109273,Atractivo Turistico,#00B4EB
363,Escultura El Viajero,FONTIBON,4.692044,-74.133848,Atractivo Turistico,#00B4EB
364,Museo de Bogotá Sede Casa de los 7 Balcones,CANDELARIA,4.595427,-74.073058,Atractivo Turistico,#00B4EB
365,Museo de Bogotá Sede Casa Samano,CANDELARIA,4.595818,-74.073037,Atractivo Turistico,#00B4EB
366,Conjunto Escultórico Doble Victoria Alada,FONTIBON,4.692942,-74.135567,Atractivo Turistico,#00B4EB
367,Monumento La Ventana,FONTIBON,4.677246,-74.118837,Atractivo Turistico,#00B4EB
368,Escultura Longos,TEUSAQUILLO,4.64048,-74.094711,Atractivo Turistico,#00B4EB
369,Archivo General de la Nación,CANDELARIA,4.594078,-74.07685,Atractivo Turistico,#00B4EB
370,Escultura Horizontes,FONTIBON,4.693943,-74.136949,Atractivo Turistico,#00B4EB
371,Escultura Eclipse,TEUSAQUILLO,4.648611,-74.100171,Atractivo Turistico,#00B4EB
372,Escultura Intiwatana,FONTIBON,4.673153,-74.115976,Atractivo Turistico,#00B4EB
373,Monumento Pedazo de Río,FONTIBON,4.697162,-74.139429,Atractivo Turistico,#00B4EB
374,Monumento Oración al Proscrito,FONTIBON,4.697393,-74.139816,Atractivo Turistico,#00B4EB
375,Claustro de San Agustín,CANDELARIA,4.595374,-74.07847,Atractivo Turistico,#00B4EB
376,Observatorio Astronómico Nacional,CANDELARIA,4.596112,-74.077545,Atractivo Turistico,#00B4EB
377,Puente de Guadua Jenny Garzón,ENGATIVA,4.727672,-74.126255,Atractivo Turistico,#00B4EB
378,Plaza Fundacional de Fontibón,FONTIBON,4.673298,-74.144729,Atractivo Turistico,#00B4EB
379,Centro Cultural Gabriel García Márquez,CANDELARIA,4.597674,-74.073969,Atractivo Turistico,#00B4EB
380,Casa de la Cultura de Fontibón Cacique Hyntiba,FONTIBON,4.672972,-74.14525,Atractivo Turistico,#00B4EB
381,Museo Histórico de la Fiscalía General de la Nación,SANTA FE,4.607749,-74.075886,Atractivo Turistico,#00B4EB
382,Salitre Plaza Centro Comercial,FONTIBON,4.653391,-74.109935,Atractivo Turistico,#00B4EB
383,Parque Sauzalito,FONTIBON,4.653532,-74.112271,Atractivo Turistico,#00B4EB
384,Monumento Todas Las Banderas,KENNEDY,4.631138,-74.148297,Atractivo Turistico,#00B4EB
385,Museo del Saber en la Gestión de Riesgo de Desastres de Colombia,ENGATIVA,4.683398,-74.120454,Atractivo Turistico,#00B4EB
386,Titán Plaza Centro Comercial y Empresarial,ENGATIVA,4.694708,-74.086188,Atractivo Turistico,#00B4EB
387,Estación de la Sabana de Bogotá,LOS MARTIRES,4.607094,-74.083342,Atractivo Turistico,#00B4EB
388,Escultura Minerva,CANDELARIA,4.596736,-74.072786,Atractivo Turistico,#00B4EB
389,Casa Hacienda La Conejera,SUBA,4.768335,-74.080936,Atractivo Turistico,#00B4EB
390,Iglesia Nuestra Señora de los Ángeles La Porciúncula,CHAPINERO,4.657332,-74.058231,Atractivo Turistico,#00B4EB
391,Iglesia Nuestra Señora de Chiquinquirá,CHAPINERO,4.638414,-74.064954,Atractivo Turistico,#00B4EB
392,Casa Grau Museo,CHAPINERO,4.675176,-74.041655,Atractivo Turistico,#00B4EB
393,Museo de Historia de la Medicina Ricardo Rueda González,CHAPINERO,4.651676,-74.057599,Atractivo Turistico,#00B4EB
394,Granja Atahualpa,USME,4.467945,-74.116532,Atractivo Turistico,#00B4EB
395,Laguna Chinará,USME,4.4495,-74.0851,Atractivo Turistico,#00B4EB
396,Agroparque Los Soches,USME,4.473873,-74.087373,Atractivo Turistico,#00B4EB
397,Biblioteca Pública El Tunal Gabriel García Márquez,TUNJUELITO,4.571898,-74.129857,Atractivo Turistico,#00B4EB
398,Edificio del Concejo de Bogotá,TEUSAQUILLO,4.624928,-74.077749,Atractivo Turistico,#00B4EB
399,Plaza del Concejo de Bogotá Luis Carlos Sarmiento,TEUSAQUILLO,4.62485,-74.078319,Atractivo Turistico,#00B4EB
400,Cabildo Indígena MHUYSQA de Bosa,BOSA,4.617649,-74.204141,Atractivo Turistico,#00B4EB
401,Museo Histórico Mariano Ospina Pérez,TEUSAQUILLO,4.628153,-74.074837,Atractivo Turistico,#00B4EB
402,Park Way,TEUSAQUILLO,4.629459,-74.075201,Atractivo Turistico,#00B4EB
403,Museo de la Independencia Casa del Florero,CANDELARIA,4.59833,-74.075105,Atractivo Turistico,#00B4EB
404,Teatro Municipal Jorge Eliécer Gaitán,SANTA FE,4.608779,-74.070923,Atractivo Turistico,#00B4EB
405,Monumento a Sía la Diosa del Agua,KENNEDY,4.62984,-74.131435,Atractivo Turistico,#00B4EB
406,Monumento a las Banderas,KENNEDY,4.631138,-74.148297,Atractivo Turistico,#00B4EB
407,Zona Gastronómica La Macarena,SANTA FE,4.61379,-74.066977,Atractivo Turistico,#00B4EB
408,Rieles del Tranvía,SANTA FE,4.60151,-74.073377,Atractivo Turistico,#00B4EB
409,Puente de Boyacá,CANDELARIA,4.602766,-74.06723,Atractivo Turistico,#00B4EB
410,Plazoleta del Rosario,CANDELARIA,4.600704,-74.072923,Atractivo Turistico,#00B4EB
411,Plaza La Santamaría,SANTA FE,4.612915,-74.068133,Atractivo Turistico,#00B4EB
412,Escultura Pepe Cáceres,SANTA FE,4.61284,-74.068414,Atractivo Turistico,#00B4EB
413,Escultura César Rincón,SANTA FE,4.613193,-74.068513,Atractivo Turistico,#00B4EB
414,Pastelería Florida,CANDELARIA,4.607324,-74.070662,Atractivo Turistico,#00B4EB
415,Parque Nacional Enrique Olaya Herrera,SANTA FE,4.62351,-74.062214,Atractivo Turistico,#00B4EB
416,Parque de los Periodistas Gabriel García Márquez,SANTA FE,4.60125,-74.069444,Atractivo Turistico,#00B4EB
417,Pasaje La Macarena,SANTA FE,4.606871,-74.072312,Atractivo Turistico,#00B4EB
418,Estatua Antonio Nariño,CANDELARIA,4.596412,-74.076795,Atractivo Turistico,#00B4EB
419,Museo de Arte Moderno de Bogotá,SANTA FE,4.610256,-74.069261,Atractivo Turistico,#00B4EB
420,Escultura La Pola,CANDELARIA,4.601624,-74.067657,Atractivo Turistico,#00B4EB
421,Iglesia de San José,SANTA FE,4.604142,-74.078354,Atractivo Turistico,#00B4EB
422,Multiplaza Centro Comercial,FONTIBON,4.652384,-74.125994,Atractivo Turistico,#00B4EB
423,Iglesia Nuestra Señora de las Nieves,SANTA FE,4.60615,-74.070877,Atractivo Turistico,#00B4EB
424,Teatro El Parque,SANTA FE,4.622946,-74.063691,Atractivo Turistico,#00B4EB
425,Parque Zonal San Andrés,ENGATIVA,4.712602,-74.110833,Atractivo Turistico,#00B4EB
426,Capilla de La Bordadita,CANDELARIA,4.600023,-74.07327,Atractivo Turistico,#00B4EB
427,Museo de la Universidad del Rosario,CANDELARIA,4.600278,-74.073255,Atractivo Turistico,#00B4EB
428,Festival Internacional de Teatro Rosa,TEUSAQUILLO,4.648739,-74.066834,Atractivo Turistico,#00B4EB
429,Parque Central Bavaria,SANTA FE,4.616744,-74.069908,Atractivo Turistico,#00B4EB
430,Escultura Rufino José Cuervo,CANDELARIA,4.597124,-74.075297,Atractivo Turistico,#00B4EB
431,Edificio Hotel de la Ópera,CANDELARIA,4.596806,-74.074726,Atractivo Turistico,#00B4EB
432,Pasaje Rivas,CANDELARIA,4.599368,-74.078052,Atractivo Turistico,#00B4EB
433,Casa Museo Jorge Eliécer Gaitán,TEUSAQUILLO,4.630783,-74.069521,Atractivo Turistico,#00B4EB
434,Basílica de Nuestra Señora de Lourdes,CHAPINERO,4.649513,-74.062388,Atractivo Turistico,#00B4EB
435,Museo de Arte de la Universidad Nacional,TEUSAQUILLO,4.634515,-74.080833,Atractivo Turistico,#00B4EB
436,Casa Gómez Campuzano,CHAPINERO,4.663144,-74.051461,Atractivo Turistico,#00B4EB
437,Escultura Ricardo Palma,CANDELARIA,4.602308,-74.067253,Atractivo Turistico,#00B4EB
438,Escultura Camilo Torres,CANDELARIA,4.597182,-74.075777,Atractivo Turistico,#00B4EB
439,Colegio Mayor de San Bartolomé,CANDELARIA,4.596812,-74.075935,Atractivo Turistico,#00B4EB
440,Plazoleta del Chorro de Quevedo,CANDELARIA,4.597236,-74.06969,Atractivo Turistico,#00B4EB
441,Callejón del Embudo,CANDELARIA,4.597805,-74.069647,Atractivo Turistico,#00B4EB
442,Catedral Primada de Colombia,CANDELARIA,4.597765,-74.075012,Atractivo Turistico,#00B4EB
443,Jardín Botánico de Bogotá José Celestino Mutis,ENGATIVA,4.668051,-74.100069,Atractivo Turistico,#00B4EB
444,Cerro de Guadalupe,SANTA FE,4.592162,-74.056348,Atractivo Turistico,#00B4EB
445,Museo Nacional de Geografía y Cartografía,TEUSAQUILLO,4.639542,-74.079867,Atractivo Turistico,#00B4EB
446,Museo Geológico Nacional José Royo y Gómez,TEUSAQUILLO,4.640949,-74.080052,Atractivo Turistico,#00B4EB
447,Movistar Arena,TEUSAQUILLO,4.649133,-74.077522,Atractivo Turistico,#00B4EB
448,Museo de Suelos de Colombia,TEUSAQUILLO,4.639603,-74.079744,Atractivo Turistico,#00B4EB
449,Reserva El Delirio,SAN CRISTOBAL,4.560075,-74.062814,Atractivo Turistico,#00B4EB
450,Mercado de las Pulgas de Usaquén,USAQUEN,4.696272,-74.030751,Atractivo Turistico,#00B4EB
451,Parque Ecológico Distrital Humedal Santa María del Lago,ENGATIVA,4.69447,-74.094375,Atractivo Turistico,#00B4EB
452,Parque Ecológico Distrital Humedal Torca - GÃ¼aymaral,SUBA,4.79894,-74.040892,Atractivo Turistico,#00B4EB
453,Parque Ecológico Distrital Humedal Salitre,BARRIOS UNIDOS,4.66747,-74.088026,Atractivo Turistico,#00B4EB
454,Parque Ecológico Distrital Humedal Capellanía,FONTIBON,4.674708,-74.130509,Atractivo Turistico,#00B4EB
455,Biblioteca Auditorio Universidad Jorge Tadeo Lozano,SANTA FE,4.606236,-74.067392,Atractivo Turistico,#00B4EB
456,Reserva Forestal Protectora Bosque Oriental Bogotá,SANTA FE,4.612094,-74.037129,Atractivo Turistico,#00B4EB
457,Chorro de Padilla,CANDELARIA,4.601429,-74.059041,Atractivo Turistico,#00B4EB
458,Museo de Artes Visuales,SANTA FE,4.606016,-74.067152,Atractivo Turistico,#00B4EB
459,Edificio Guillermo Rueda Montaña de la Universidad de Bogotá Jorge Tadeo Lozano,SANTA FE,4.606796,-74.066967,Atractivo Turistico,#00B4EB
460,Parque Ecológico Distrital Humedal La Conejera,SUBA,4.760945,-74.102633,Atractivo Turistico,#00B4EB
461,Vereda La Requilina,USME,4.468696,-74.120375,Atractivo Turistico,#00B4EB
462,Palacio Arzobispal,CANDELARIA,4.5974,-74.075534,Atractivo Turistico,#00B4EB
463,Capilla del Sagrario,CANDELARIA,4.597578,-74.075332,Atractivo Turistico,#00B4EB
464,Parque Ecológico Distrital Humedal Jaboque,ENGATIVA,4.720823,-74.138104,Atractivo Turistico,#00B4EB
465,Parque Ecológico Distrital Humedal Meandro del Say,FONTIBON,4.674421,-74.164732,Atractivo Turistico,#00B4EB
466,Parque Ecológico Distrital Humedal El Tunjo,TUNJUELITO,4.570729,-74.140052,Atractivo Turistico,#00B4EB
467,Las Moyas,CHAPINERO,4.660757,-74.020832,Atractivo Turistico,#00B4EB
468,Páramo de Cruz Verde,SAN CRISTOBAL,4.535022,-74.036173,Atractivo Turistico,#00B4EB
469,Parque Ecológico Distrital Humedal Córdoba,SUBA,4.702206,-74.069589,Atractivo Turistico,#00B4EB
470,Iglesia de Nuestra Señora de la Candelaria,CANDELARIA,4.596769,-74.072456,Atractivo Turistico,#00B4EB
471,Escultura San Juan Bosco,CANDELARIA,4.594679,-74.074949,Atractivo Turistico,#00B4EB
472,Iglesia de San Agustín,CANDELARIA,4.593886,-74.077975,Atractivo Turistico,#00B4EB
473,Santuario de Nuestra Señora del Carmen,CANDELARIA,4.594731,-74.074664,Atractivo Turistico,#00B4EB
474,Iglesia Nuestra Señora de las Aguas,CANDELARIA,4.602386,-74.066896,Atractivo Turistico,#00B4EB
475,Claustro de las Aguas,CANDELARIA,4.601911,-74.066766,Atractivo Turistico,#00B4EB
476,Alimentarte Food Festival,CHAPINERO,4.67313,-74.054603,Atractivo Turistico,#00B4EB
477,Feria Tecnológica e Industrial del Mueble y la Madera,TEUSAQUILLO,4.629172,-74.089762,Atractivo Turistico,#00B4EB
478,Templo de San Francisco,SANTA FE,4.601888,-74.073263,Atractivo Turistico,#00B4EB
479,Palacio de Justicia Alfonso Reyes Echandía,CANDELARIA,4.598989,-74.075523,Atractivo Turistico,#00B4EB
480,Parque Ecológico Distrital Humedal Juan Amarillo,ENGATIVA,4.728023,-74.109147,Atractivo Turistico,#00B4EB
481,Parque Ecológico Distrital Humedal El Burro,KENNEDY,4.642819,-74.150844,Atractivo Turistico,#00B4EB
482,Parque Ecológico Distrital Humedal La Vaca,KENNEDY,4.629082,-74.162258,Atractivo Turistico,#00B4EB
483,Parque Ecológico Distrital Humedal Techo,KENNEDY,4.648018,-74.143338,Atractivo Turistico,#00B4EB
484,Parque Ecológico Cantarrana,USME,4.50026,-74.12161,Atractivo Turistico,#00B4EB
485,Cerro La Aguadora,USAQUEN,4.689573,-74.018403,Atractivo Turistico,#00B4EB
486,Parque Ecológico Distrital de Montaña Entrenubes,SAN CRISTOBAL,4.5395,-74.0974,Atractivo Turistico,#00B4EB
487,Centro Comercial Gran Estación,TEUSAQUILLO,4.646982,-74.101763,Atractivo Turistico,#00B4EB
488,Zona Rural de Ciudad Bolívar,CIUDAD BOLIVAR,4.466951,-74.16054,Atractivo Turistico,#00B4EB
489,Embalse Chisacá,USME,4.383694,-74.173279,Atractivo Turistico,#00B4EB
490,Embalse La Regadera,USME,4.39943,-74.142028,Atractivo Turistico,#00B4EB
491,Iglesia San Pedro de Usme,USME,4.470585,-74.125734,Atractivo Turistico,#00B4EB
492,Casa Fundación Gilberto Álzate Avendaño FUGA,CANDELARIA,4.595486,-74.072403,Atractivo Turistico,#00B4EB
493,Escultura Lumbalú,FONTIBON,4.650785,-74.113486,Atractivo Turistico,#00B4EB
494,Fiesta de Reyes Magos y Epifanía,CANDELARIA,4.593553,-74.068992,Atractivo Turistico,#00B4EB
495,Museo Millonarios FC,TEUSAQUILLO,4.645513,-74.078307,Atractivo Turistico,#00B4EB
496,Hacienda Tagaste,KENNEDY,4.653079,-74.143723,Atractivo Turistico,#00B4EB
497,Mural El Hombre y el Drama de la Vivienda,SANTA FE,4.607749,-74.075886,Atractivo Turistico,#00B4EB
498,Iglesia San Alfonso María de Ligorio,TEUSAQUILLO,4.627946,-74.078088,Atractivo Turistico,#00B4EB
499,Salón Histórico del Batallón Guardia Presidencial,CANDELARIA,4.591934,-74.080328,Atractivo Turistico,#00B4EB
500,Festividad de la Virgen de Chiquinquirá,CHAPINERO,4.638513,-74.065281,Atractivo Turistico,#00B4EB
501,Fiesta de Nuestra Señora de Lourdes,CHAPINERO,4.649688,-74.063109,Atractivo Turistico,#00B4EB
502,Santuario de Nuestra Señora de la Peña,SANTA FE,4.586087,-74.065225,Atractivo Turistico,#00B4EB
503,Palacio de Liévano,CANDELARIA,4.598448,-74.076648,Atractivo Turistico,#00B4EB
504,Fiesta del Señor de los Milagros,TEUSAQUILLO,4.627946,-74.078088,Atractivo Turistico,#00B4EB
505,Santuario de Nuestra Señora de Guadalupe,SANTA FE,4.591775,-74.054225,Atractivo Turistico,#00B4EB
506,Ciclo Rosa,SANTA FE,4.608819,-74.070619,Atractivo Turistico,#00B4EB
507,Capilla de Santa María de los Ángeles,CHAPINERO,4.661367,-74.050657,Atractivo Turistico,#00B4EB
508,Andigráfica,TEUSAQUILLO,4.629172,-74.089762,Atractivo Turistico,#00B4EB
509,Edificio Four Seasons Hotel Casa Medina Bogotá,CHAPINERO,4.652235,-74.056308,Atractivo Turistico,#00B4EB
510,Casa de la Cultura de Usme,USME,4.472721,-74.123023,Atractivo Turistico,#00B4EB
511,Expoconstrucción y Expodiseño,TEUSAQUILLO,4.629172,-74.089762,Atractivo Turistico,#00B4EB
512,Colección Pizano,TEUSAQUILLO,4.63536,-74.083079,Atractivo Turistico,#00B4EB
513,Casa del General Pedro Alcántara Herrán,CANDELARIA,4.597174,-74.074153,Atractivo Turistico,#00B4EB
514,Palacio de Echeverry,CANDELARIA,4.596513,-74.077775,Atractivo Turistico,#00B4EB
515,Iglesia Nuestra Señora de la Medalla Milagrosa,FONTIBON,4.652063,-74.108931,Atractivo Turistico,#00B4EB
516,Palacio de San Carlos,CANDELARIA,4.596365,-74.074816,Atractivo Turistico,#00B4EB
517,Feria Agroexpo,TEUSAQUILLO,4.629172,-74.089762,Atractivo Turistico,#00B4EB
518,Feria Belleza y Salud,TEUSAQUILLO,4.629172,-74.089762,Atractivo Turistico,#00B4EB
519,Feria Expoartesanías,TEUSAQUILLO,4.629172,-74.089762,Atractivo Turistico,#00B4EB
520,Feria Internacional de Arte de Bogotá - ARTBO,TEUSAQUILLO,4.629172,-74.089762,Atractivo Turistico,#00B4EB
521,Feria Internacional de Bogotá Exposición Industrial,TEUSAQUILLO,4.629172,-74.089762,Atractivo Turistico,#00B4EB
522,Plaza de Bolívar,CANDELARIA,4.598105,-74.076096,Atractivo Turistico,#00B4EB
523,Plazuela Rufino Cuervo,CANDELARIA,4.597161,-74.075274,Atractivo Turistico,#00B4EB
524,Feria Internacional del Libro de Bogotá FILBO,TEUSAQUILLO,4.629172,-74.089762,Atractivo Turistico,#00B4EB
525,International Footwear & Leather Show y Exhibición Internacional del Cuero e Insumos Maquinaria y Tecnología IFLS+EICI,TEUSAQUILLO,4.629172,-74.089762,Atractivo Turistico,#00B4EB
526,Parque Salitre Mágico,BARRIOS UNIDOS,4.667315,-74.089862,Atractivo Turistico,#00B4EB
527,Temporada Taurina en Bogotá,SANTA FE,4.612814,-74.068297,Atractivo Turistico,#00B4EB
528,Cerro de Monserrate,SANTA FE,4.606023,-74.05487,Atractivo Turistico,#00B4EB
529,Claustro Principal de la Universidad Colegio Mayor de Nuestra Señora del Rosario,CANDELARIA,4.600278,-74.073255,Atractivo Turistico,#00B4EB
530,Auditorio León de Greiff,TEUSAQUILLO,4.635692,-74.082292,Atractivo Turistico,#00B4EB
531,Altar Mayor Templo de San Francisco,SANTA FE,4.601888,-74.073263,Atractivo Turistico,#00B4EB
532,Balcón Palacio de San Carlos,CANDELARIA,4.596325,-74.074569,Atractivo Turistico,#00B4EB
533,Colección de Instrumentos Musicales,CANDELARIA,4.597401,-74.072424,Atractivo Turistico,#00B4EB
534,Casa Natal José María Vergara y Vergara,CANDELARIA,4.597548,-74.072022,Atractivo Turistico,#00B4EB
535,Sala de Conciertos Biblioteca Luis Ángel Arango,CANDELARIA,4.596999,-74.072825,Atractivo Turistico,#00B4EB
536,Colección Numismática Casa de la Moneda,CANDELARIA,4.596755,-74.073577,Atractivo Turistico,#00B4EB
537,Casa Natal de Rafael Pombo,CANDELARIA,4.596473,-74.074167,Atractivo Turistico,#00B4EB
538,Casa Delia Zapata Olivella,CANDELARIA,4.594429,-74.071966,Atractivo Turistico,#00B4EB
539,Casa Gregorio Vásquez de Arce y Ceballos,CANDELARIA,4.596441,-74.07265,Atractivo Turistico,#00B4EB
540,Calle 10,CANDELARIA,4.596811,-74.074991,Atractivo Turistico,#00B4EB
541,Museo de La Salle,CANDELARIA,4.594553,-74.070488,Atractivo Turistico,#00B4EB
542,Biblioteca del Congreso Luis Carlos Galán Sarmiento,CANDELARIA,4.595691,-74.075388,Atractivo Turistico,#00B4EB
543,Edificio Archivo de Bogotá,CANDELARIA,4.591335,-74.077394,Atractivo Turistico,#00B4EB
544,Casa Sede Sociedad Económica de Amigos del País,CANDELARIA,4.598179,-74.07467,Atractivo Turistico,#00B4EB
545,Plaza Fundacional de Usme,USME,4.471034,-74.125326,Atractivo Turistico,#00B4EB
546,Zona de Amortiguación del Parque Nacional Natural Sumapaz,SUMAPAZ,4.189558,-74.190089,Atractivo Turistico,#00B4EB
547,Sinagoga Adat Israel,CHAPINERO,4.675349,-74.041975,Atractivo Turistico,#00B4EB
548,Iglesia Divino Salvador,CHAPINERO,4.644177,-74.069129,Atractivo Turistico,#00B4EB
549,Zona Rural Verjón Alto y Bajo,SANTA FE,4.616618,-74.010392,Atractivo Turistico,#00B4EB
550,Laguna Ubchihiqa,SUMAPAZ,4.3757,-74.2298,Atractivo Turistico,#00B4EB
551,Quebrada Las Delicias,CHAPINERO,4.6382,-74.052141,Atractivo Turistico,#00B4EB
552,Escultura Tomás Cipriano de Mosquera,CANDELARIA,4.597357,-74.076462,Atractivo Turistico,#00B4EB
553,Biblioteca Luis Ángel Arango,CANDELARIA,4.596977,-74.072806,Atractivo Turistico,#00B4EB
554,Museo de Arquitectura Leopoldo Rother,TEUSAQUILLO,4.634001,-74.083164,Atractivo Turistico,#00B4EB
555,Río San Francisco - Vicachá,SANTA FE,4.601105,-74.059197,Atractivo Turistico,#00B4EB
556,Escultura Pórtico,SANTA FE,4.597264,-74.084075,Atractivo Turistico,#00B4EB
557,Castillo del Mono Osorio,CHAPINERO,4.655344,-74.051419,Atractivo Turistico,#00B4EB
558,Capilla San Miguel del Príncipe,CANDELARIA,4.597231,-74.069843,Atractivo Turistico,#00B4EB
559,Casa Republicana,CANDELARIA,4.597572,-74.072809,Atractivo Turistico,#00B4EB
560,Iglesia de Santa Bárbara,CANDELARIA,4.592202,-74.078583,Atractivo Turistico,#00B4EB
561,Iglesia San Juan de Dios,CANDELARIA,4.600493,-74.077441,Atractivo Turistico,#00B4EB
562,Iglesia Nuestra Señora de Egipto,CANDELARIA,4.593428,-74.068831,Atractivo Turistico,#00B4EB
563,Iglesia de la Concepción,CANDELARIA,4.59878,-74.077743,Atractivo Turistico,#00B4EB
564,Iglesia de San Ignacio,CANDELARIA,4.596685,-74.07559,Atractivo Turistico,#00B4EB
565,Escultura Manuel Murillo Toro,CANDELARIA,4.600266,-74.075148,Atractivo Turistico,#00B4EB
566,Escultura Puerta del Palacio Arzobispal,CANDELARIA,4.597468,-74.075675,Atractivo Turistico,#00B4EB
567,Florero de Llorente,CANDELARIA,4.598272,-74.075164,Atractivo Turistico,#00B4EB
568,Monumento a la Batalla de Ayacucho,CANDELARIA,4.594845,-74.076749,Atractivo Turistico,#00B4EB
569,Parque Metropolitano Arborizadora Alta,CIUDAD BOLIVAR,4.564019,-74.168195,Atractivo Turistico,#00B4EB
570,Eje Ambiental,SANTA FE,4.600742,-74.070536,Atractivo Turistico,#00B4EB
571,Teatro al Aire Libre la Media Torta,CANDELARIA,4.599749,-74.065947,Atractivo Turistico,#00B4EB
572,Centro Histórico de La Candelaria,CANDELARIA,4.596254,-74.074121,Atractivo Turistico,#00B4EB
573,Casa Museo Quinta de Bolívar,CANDELARIA,4.602665,-74.063231,Atractivo Turistico,#00B4EB
574,Sitio del Asesinato de Jorge Eliécer Gaitán,CANDELARIA,4.601221,-74.073658,Atractivo Turistico,#00B4EB
575,Escultura Gonzalo Jiménez de Quesada,CANDELARIA,4.600704,-74.072923,Atractivo Turistico,#00B4EB
576,Museo del Cobre,CANDELARIA,4.600622,-74.072596,Atractivo Turistico,#00B4EB
577,Museo Casa Cuervo Urisarri,CANDELARIA,4.595727,-74.073986,Atractivo Turistico,#00B4EB
578,Iglesia San Antonio de Padua,ANTONIO NARIÑO,4.587717,-74.093247,Atractivo Turistico,#00B4EB
579,Teatro La Candelaria,CANDELARIA,4.596355,-74.070934,Atractivo Turistico,#00B4EB
580,Casa de Poesía Silva,CANDELARIA,4.598603,-74.070583,Atractivo Turistico,#00B4EB
581,Edificio Monserrate,SANTA FE,4.600541,-74.070518,Atractivo Turistico,#00B4EB
582,Edificio Pedro A. López,CANDELARIA,4.601548,-74.074309,Atractivo Turistico,#00B4EB
583,Edificio Andes,CANDELARIA,4.601908,-74.07457,Atractivo Turistico,#00B4EB
584,Casa Museo Francisco José de Caldas,CANDELARIA,4.59473,-74.078856,Atractivo Turistico,#00B4EB
585,Edificio Vengoechea,CANDELARIA,4.597798,-74.073038,Atractivo Turistico,#00B4EB
586,Monumento a Rafael Núñez,CANDELARIA,4.596955,-74.076715,Atractivo Turistico,#00B4EB
587,Casa de los Comuneros,CANDELARIA,4.597858,-74.077089,Atractivo Turistico,#00B4EB
588,Calle del Camarín del Carmen,CANDELARIA,4.595092,-74.074178,Atractivo Turistico,#00B4EB
589,Calle 106,USAQUEN,4.692982,-74.056178,Estaciones de Transmilenio,#FDAF43
590,Portal del Norte,USAQUEN,4.754621,-74.046035,Estaciones de Transmilenio,#FDAF43
591,AV. El Dorado,TEUSAQUILLO,4.630663,-74.079866,Estaciones de Transmilenio,#FDAF43
592,Pepe Sierra,SUBA,4.698125,-74.055298,Estaciones de Transmilenio,#FDAF43
593,Mazurén,USAQUEN,4.734585,-74.049218,Estaciones de Transmilenio,#FDAF43
594,Carrera 47,BARRIOS UNIDOS,4.678006,-74.073641,Estaciones de Transmilenio,#FDAF43
595,Santa Isabel,PUENTE ARANDA,4.601667,-74.102611,Estaciones de Transmilenio,#FDAF43
596,Calle 127,USAQUEN,4.704641,-74.054229,Estaciones de Transmilenio,#FDAF43
597,General Santander,TUNJUELITO,4.593569,-74.129545,Estaciones de Transmilenio,#FDAF43
598,AV. Cali,ENGATIVA,4.702486,-74.100288,Estaciones de Transmilenio,#FDAF43
599,Calle 85,BARRIOS UNIDOS,4.672315,-74.05964,Estaciones de Transmilenio,#FDAF43
600,Calle 142,USAQUEN,4.726851,-74.05051,Estaciones de Transmilenio,#FDAF43
601,Venecia,KENNEDY,4.595567,-74.14265,Estaciones de Transmilenio,#FDAF43
602,U. Nacional,TEUSAQUILLO,4.637119,-74.079321,Estaciones de Transmilenio,#FDAF43
603,CAD,LOS MARTIRES,4.62341,-74.084167,Estaciones de Transmilenio,#FDAF43
604,Virrey,TEUSAQUILLO,4.675994,-74.059012,Estaciones de Transmilenio,#FDAF43
605,Carrera 53,BARRIOS UNIDOS,4.681821,-74.077401,Estaciones de Transmilenio,#FDAF43
606,Carrera 90,ENGATIVA,4.704682,-74.104562,Estaciones de Transmilenio,#FDAF43
607,NQS - Calle 75,BARRIOS UNIDOS,4.670156,-74.07131,Estaciones de Transmilenio,#FDAF43
608,Simón Bolívar,BARRIOS UNIDOS,4.657291,-74.077663,Estaciones de Transmilenio,#FDAF43
609,Portal de la 80,ENGATIVA,4.709829,-74.110506,Estaciones de Transmilenio,#FDAF43
610,Marly,CHAPINERO,4.637557,-74.066769,Estaciones de Transmilenio,#FDAF43
611,Calle 63,CHAPINERO,4.648404,-74.064862,Estaciones de Transmilenio,#FDAF43
612,SENA,PUENTE ARANDA,4.597371,-74.110643,Estaciones de Transmilenio,#FDAF43
613,Portal del Sur,BOSA,4.597013,-74.169398,Estaciones de Transmilenio,#FDAF43
614,Ricaurte - NQS,PUENTE ARANDA,4.611686,-74.093869,Estaciones de Transmilenio,#FDAF43
615,Alcalá,USAQUEN,4.721157,-74.051454,Estaciones de Transmilenio,#FDAF43
616,Calle 72,BARRIOS UNIDOS,4.658239,-74.062069,Estaciones de Transmilenio,#FDAF43
617,Calle 146,USAQUEN,4.730893,-74.049822,Estaciones de Transmilenio,#FDAF43
618,AV. 68,ENGATIVA,4.685726,-74.080469,Estaciones de Transmilenio,#FDAF43
619,Prado,USAQUEN,4.71456,-74.052567,Estaciones de Transmilenio,#FDAF43
620,Banderas,KENNEDY,4.631301,-74.145769,Estaciones de Transmilenio,#FDAF43
621,Minuto de Dios,ENGATIVA,4.696655,-74.091482,Estaciones de Transmilenio,#FDAF43
622,La Campiña,SUBA,4.742543,-74.091056,Estaciones de Transmilenio,#FDAF43
623,Calle 187,USAQUEN,4.76333,-74.044404,Estaciones de Transmilenio,#FDAF43
624,Terminal,USAQUEN,4.768818,-74.043569,Estaciones de Transmilenio,#FDAF43
625,Calle 45,TEUSAQUILLO,4.631452,-74.067869,Estaciones de Transmilenio,#FDAF43
626,Paloquemao,PUENTE ARANDA,4.616916,-74.089545,Estaciones de Transmilenio,#FDAF43
627,Salitre - El Greco,TEUSAQUILLO,4.650869,-74.101645,Estaciones de Transmilenio,#FDAF43
628,Olaya,RAFAEL URIBE URIBE,4.578909,-74.107361,Estaciones de Transmilenio,#FDAF43
629,Portal del Tunal,TUNJUELITO,4.569571,-74.13924,Estaciones de Transmilenio,#FDAF43
630,Héroes,BARRIOS UNIDOS,4.668136,-74.060312,Estaciones de Transmilenio,#FDAF43
631,Las Aguas,SANTA FE,4.60258,-74.068401,Estaciones de Transmilenio,#FDAF43
632,Museo del Oro,SANTA FE,4.601161,-74.072898,Estaciones de Transmilenio,#FDAF43
633,Polo,BARRIOS UNIDOS,4.670693,-74.064749,Estaciones de Transmilenio,#FDAF43
634,Calle 76,BARRIOS UNIDOS,4.66303,-74.06126,Estaciones de Transmilenio,#FDAF43
635,Calle 34,TEUSAQUILLO,4.621586,-74.069754,Estaciones de Transmilenio,#FDAF43
636,Alquería,TUNJUELITO,4.594258,-74.134271,Estaciones de Transmilenio,#FDAF43
637,Nariño,ANTONIO NARIÑO,4.586286,-74.093926,Estaciones de Transmilenio,#FDAF43
638,Puentelargo,SUBA,4.693291,-74.067141,Estaciones de Transmilenio,#FDAF43
639,Calle 100,BARRIOS UNIDOS,4.683947,-74.057696,Estaciones de Transmilenio,#FDAF43
640,Biblioteca Tintal,KENNEDY,4.637899,-74.159345,Estaciones de Transmilenio,#FDAF43
641,Suba - TV. 91,SUBA,4.738833,-74.086874,Estaciones de Transmilenio,#FDAF43
642,Calle 40 S,RAFAEL URIBE URIBE,4.575854,-74.120094,Estaciones de Transmilenio,#FDAF43
643,Centro Comercial Paseo Villa del Río - Madelena,CIUDAD BOLIVAR,4.596255,-74.156875,Estaciones de Transmilenio,#FDAF43
644,Flores,CHAPINERO,4.654906,-74.063021,Estaciones de Transmilenio,#FDAF43
645,Calle 57,TEUSAQUILLO,4.642982,-74.065822,Estaciones de Transmilenio,#FDAF43
646,Modelia,FONTIBON,4.675044,-74.117117,Estaciones de Transmilenio,#FDAF43
647,Calle 26,SANTA FE,4.616645,-74.072152,Estaciones de Transmilenio,#FDAF43
648,Perdomo,CIUDAD BOLIVAR,4.595776,-74.164971,Estaciones de Transmilenio,#FDAF43
649,AV. Chile,BARRIOS UNIDOS,4.666341,-74.074562,Estaciones de Transmilenio,#FDAF43
650,Gobernación,TEUSAQUILLO,4.642845,-74.096514,Estaciones de Transmilenio,#FDAF43
651,Restrepo,ANTONIO NARIÑO,4.581834,-74.10142,Estaciones de Transmilenio,#FDAF43
652,El Tiempo - Maloka,FONTIBON,4.657081,-74.105625,Estaciones de Transmilenio,#FDAF43
653,Hortúa,ANTONIO NARIÑO,4.59084,-74.090238,Estaciones de Transmilenio,#FDAF43
654,CDS - Carrera 32,PUENTE ARANDA,4.616133,-74.093953,Estaciones de Transmilenio,#FDAF43
655,AV. Jiménez - CL 13,SANTA FE,4.603048,-74.079109,Estaciones de Transmilenio,#FDAF43
656,Patio Bonito,KENNEDY,4.633172,-74.164606,Estaciones de Transmilenio,#FDAF43
657,Suba - Calle 116,BARRIOS UNIDOS,4.69924,-74.069839,Estaciones de Transmilenio,#FDAF43
658,Normandía,ENGATIVA,4.669021,-74.11326,Estaciones de Transmilenio,#FDAF43
659,Granja - Carrera 77,ENGATIVA,4.699148,-74.096016,Estaciones de Transmilenio,#FDAF43
660,Portal de las Américas,KENNEDY,4.629381,-74.173058,Estaciones de Transmilenio,#FDAF43
661,Recinto Ferial,TEUSAQUILLO,4.634314,-74.089694,Estaciones de Transmilenio,#FDAF43
662,Quinta Paredes,TEUSAQUILLO,4.637522,-74.093104,Estaciones de Transmilenio,#FDAF43
663,NQS - Calle 30 S,ANTONIO NARIÑO,4.594792,-74.117879,Estaciones de Transmilenio,#FDAF43
664,Suba - AV. Boyacá,SUBA,4.721362,-74.074727,Estaciones de Transmilenio,#FDAF43
665,Escuela Militar,BARRIOS UNIDOS,4.675456,-74.06966,Estaciones de Transmilenio,#FDAF43
666,Zona Industrial,PUENTE ARANDA,4.620322,-74.098689,Estaciones de Transmilenio,#FDAF43
667,Santa Lucía,RAFAEL URIBE URIBE,4.570964,-74.124695,Estaciones de Transmilenio,#FDAF43
668,La Despensa,MUNICIPIOS ALEDAÑOS,4.594601,-74.188116,Estaciones de Transmilenio,#FDAF43
669,Toberín,USAQUEN,4.746188,-74.047269,Estaciones de Transmilenio,#FDAF43
670,San Martín,BARRIOS UNIDOS,4.676542,-74.067066,Estaciones de Transmilenio,#FDAF43
671,La Castellana,BARRIOS UNIDOS,4.675619,-74.064448,Estaciones de Transmilenio,#FDAF43
672,Comuneros,LOS MARTIRES,4.604246,-74.099857,Estaciones de Transmilenio,#FDAF43
673,Calle 161,USAQUEN,4.741913,-74.047986,Estaciones de Transmilenio,#FDAF43
674,Campín,TEUSAQUILLO,4.645396,-74.078699,Estaciones de Transmilenio,#FDAF43
675,CAN,TEUSAQUILLO,4.646881,-74.099048,Estaciones de Transmilenio,#FDAF43
676,Portal de Suba,SUBA,4.746815,-74.094279,Estaciones de Transmilenio,#FDAF43
677,Fucha,ANTONIO NARIÑO,4.582964,-74.099398,Estaciones de Transmilenio,#FDAF43
678,Guatoque - Veraguas,LOS MARTIRES,4.604179,-74.094927,Estaciones de Transmilenio,#FDAF43
679,Tygua - San José,LOS MARTIRES,4.599783,-74.088764,Estaciones de Transmilenio,#FDAF43
680,Rionegro,BARRIOS UNIDOS,4.680501,-74.064704,Estaciones de Transmilenio,#FDAF43
681,Molinos,RAFAEL URIBE URIBE,4.557059,-74.121834,Estaciones de Transmilenio,#FDAF43
682,AV. Américas - AV. Boyacá,KENNEDY,4.630113,-74.134225,Estaciones de Transmilenio,#FDAF43
683,Terreros - Hospital C.V,MUNICIPIOS ALEDAÑOS,4.588977,-74.19953,Estaciones de Transmilenio,#FDAF43
684,Leon XIII,MUNICIPIOS ALEDAÑOS,4.592179,-74.193138,Estaciones de Transmilenio,#FDAF43
685,Ricaurte - CL 13,LOS MARTIRES,4.613015,-74.09048,Estaciones de Transmilenio,#FDAF43
686,San Bernardo,SANTA FE,4.59019,-74.084319,Estaciones de Transmilenio,#FDAF43
687,Portal El Dorado,ENGATIVA,4.681604,-74.121395,Estaciones de Transmilenio,#FDAF43
688,Parque,TUNJUELITO,4.568336,-74.135418,Estaciones de Transmilenio,#FDAF43
689,Quirigua,ENGATIVA,4.706744,-74.108726,Estaciones de Transmilenio,#FDAF43
690,Calle 19,SANTA FE,4.607861,-74.076858,Estaciones de Transmilenio,#FDAF43
691,Consuelo,TUNJUELITO,4.560225,-74.123869,Estaciones de Transmilenio,#FDAF43
692,Portal de Usme,USME,4.531715,-74.119391,Estaciones de Transmilenio,#FDAF43
693,Sevillana,TUNJUELITO,4.595096,-74.147408,Estaciones de Transmilenio,#FDAF43
694,Suba - Calle 95,BARRIOS UNIDOS,4.684575,-74.063153,Estaciones de Transmilenio,#FDAF43
695,San Mateo,MUNICIPIOS ALEDAÑOS,4.585983,-74.20546,Estaciones de Transmilenio,#FDAF43
696,AV. Jiménez - Caracas,LOS MARTIRES,4.602874,-74.080428,Estaciones de Transmilenio,#FDAF43
697,Calle 22,SANTA FE,4.611695,-74.074684,Estaciones de Transmilenio,#FDAF43
698,Ciudad Universitaria,TEUSAQUILLO,4.63088,-74.083527,Estaciones de Transmilenio,#FDAF43
699,San Fason Carrera 22,LOS MARTIRES,4.609818,-74.086712,Estaciones de Transmilenio,#FDAF43
700,AV. 39,SANTA FE,4.626897,-74.068691,Estaciones de Transmilenio,#FDAF43
701,Movistar Arena,TEUSAQUILLO,4.650039,-74.078346,Estaciones de Transmilenio,#FDAF43
702,Suba - Calle 100,BARRIOS UNIDOS,4.690398,-74.065618,Estaciones de Transmilenio,#FDAF43
703,Tercer Milenio,LOS MARTIRES,4.598127,-74.083838,Estaciones de Transmilenio,#FDAF43
704,Pradera,PUENTE ARANDA,4.628532,-74.118673,Estaciones de Transmilenio,#FDAF43
705,Quiroga,RAFAEL URIBE URIBE,4.576796,-74.114377,Estaciones de Transmilenio,#FDAF43
706,De La Sabana,LOS MARTIRES,4.605431,-74.081892,Estaciones de Transmilenio,#FDAF43
707,AV. Rojas,FONTIBON,4.661952,-74.10876,Estaciones de Transmilenio,#FDAF43
708,Hospital,LOS MARTIRES,4.595046,-74.08622,Estaciones de Transmilenio,#FDAF43
709,AV. Boyacá,ENGATIVA,4.693952,-74.087113,Estaciones de Transmilenio,#FDAF43
710,Ferias,ENGATIVA,4.6909,-74.084584,Estaciones de Transmilenio,#FDAF43
711,Gratamira,SUBA,4.727337,-74.074726,Estaciones de Transmilenio,#FDAF43
712,Niza - Calle 127,SUBA,4.71193,-74.072282,Estaciones de Transmilenio,#FDAF43
713,Socorro,RAFAEL URIBE URIBE,4.564658,-74.125573,Estaciones de Transmilenio,#FDAF43
714,AV. 1 Mayo,SAN CRISTOBAL,4.576937,-74.093707,Estaciones de Transmilenio,#FDAF43
715,Bicentenario,SANTA FE,4.594021,-74.081836,Estaciones de Transmilenio,#FDAF43
716,Américas - Carrera 53A,PUENTE ARANDA,4.627886,-74.111581,Estaciones de Transmilenio,#FDAF43
717,Mandalay,KENNEDY,4.630847,-74.1413,Estaciones de Transmilenio,#FDAF43
718,Country Sur,RAFAEL URIBE URIBE,4.571414,-74.098631,Estaciones de Transmilenio,#FDAF43
719,NQS - Calle 38A S,ANTONIO NARIÑO,4.593792,-74.123754,Estaciones de Transmilenio,#FDAF43
720,Biblioteca,TUNJUELITO,4.570302,-74.130388,Estaciones de Transmilenio,#FDAF43
721,21 Ángeles,SUBA,4.735434,-74.080854,Estaciones de Transmilenio,#FDAF43
722,Centro Memoria,LOS MARTIRES,4.620466,-74.076313,Estaciones de Transmilenio,#FDAF43
723,Marsella,KENNEDY,4.629686,-74.130163,Estaciones de Transmilenio,#FDAF43
724,Carrera 43,PUENTE ARANDA,4.622805,-74.101417,Estaciones de Transmilenio,#FDAF43
725,Las Nieves,SANTA FE,4.606061,-74.074319,Estaciones de Transmilenio,#FDAF43
726,Museo Nacional,SANTA FE,4.615247,-74.069226,Estaciones de Transmilenio,#FDAF43
727,San Diego,SANTA FE,4.610897,-74.071497,Estaciones de Transmilenio,#FDAF43
728,Transversal 86,KENNEDY,4.6342,-74.152063,Estaciones de Transmilenio,#FDAF43
729,Humedal Córdoba,SUBA,4.706537,-74.07114,Estaciones de Transmilenio,#FDAF43
730,Concejo de Bogotá,TEUSAQUILLO,4.625983,-74.08028,Estaciones de Transmilenio,#FDAF43
731,Universidades,SANTA FE,4.604643,-74.06731,Estaciones de Transmilenio,#FDAF43
732,Portal 20 de Julio,SAN CRISTOBAL,4.565718,-74.097008,Estaciones de Transmilenio,#FDAF43
733,Puente Aranda,PUENTE ARANDA,4.625669,-74.10464,Estaciones de Transmilenio,#FDAF43
734,San Victorino,CANDELARIA,4.601018,-74.077406,Estaciones de Transmilenio,#FDAF43
735,Ciudad Jardín,ANTONIO NARIÑO,4.581532,-74.090338,Estaciones de Transmilenio,#FDAF43
736,Policarpa,ANTONIO NARIÑO,4.586257,-74.086921,Estaciones de Transmilenio,#FDAF43
737,Bosa,CIUDAD BOLIVAR,4.596879,-74.181225,Estaciones de Transmilenio,#FDAF43
738,21 Ángeles,SUBA,4.735434,-74.080854,Punto Wifi,#EB0064
739,AV. 1 Mayo,SAN CRISTOBAL,4.576937,-74.093707,Punto Wifi,#EB0064
740,AV. 39,SANTA FE,4.626897,-74.068691,Punto Wifi,#EB0064
741,AV. El Dorado,TEUSAQUILLO,4.630663,-74.079866,Punto Wifi,#EB0064
742,Banderas,KENNEDY,4.631301,-74.145769,Punto Wifi,#EB0064
743,Biblioteca Tintal,KENNEDY,4.637899,-74.159345,Punto Wifi,#EB0064
744,Bosa,CIUDAD BOLIVAR,4.596879,-74.181225,Punto Wifi,#EB0064
745,CAD,LOS MARTIRES,4.62341,-74.084167,Punto Wifi,#EB0064
746,Calle 100,CHAPINERO,4.683947,-74.057696,Punto Wifi,#EB0064
747,Calle 146,USAQUEN,4.730893,-74.049822,Punto Wifi,#EB0064
748,Calle 187,USAQUEN,4.76333,-74.044404,Punto Wifi,#EB0064
749,Calle 22,LOS MARTIRES,4.611695,-74.074684,Punto Wifi,#EB0064
750,Calle 26,SANTA FE,4.616645,-74.072152,Punto Wifi,#EB0064
751,Calle 34,TEUSAQUILLO,4.621586,-74.069754,Punto Wifi,#EB0064
752,Calle 72,CHAPINERO,4.658239,-74.062069,Punto Wifi,#EB0064
753,Calle 76,CHAPINERO,4.66303,-74.06126,Punto Wifi,#EB0064
754,Carrera 47,BARRIOS UNIDOS,4.678006,-74.073641,Punto Wifi,#EB0064
755,Centro Comercial Paseo Villa del Río - Madelena,CIUDAD BOLIVAR,4.596255,-74.156875,Punto Wifi,#EB0064
756,Centro Memoria,TEUSAQUILLO,4.620466,-74.076313,Punto Wifi,#EB0064
757,Consuelo,RAFAEL URIBE URIBE,4.560225,-74.123869,Punto Wifi,#EB0064
758,El Tiempo - Maloka,ENGATIVA,4.657081,-74.105625,Punto Wifi,#EB0064
759,Fucha,ANTONIO NARIÑO,4.582964,-74.099398,Punto Wifi,#EB0064
760,General Santander,PUENTE ARANDA,4.593569,-74.129545,Punto Wifi,#EB0064
761,Héroes,CHAPINERO,4.668136,-74.060312,Punto Wifi,#EB0064
762,Hospital,SANTA FE,4.595046,-74.08622,Punto Wifi,#EB0064
763,Las Aguas,SANTA FE,4.60258,-74.068401,Punto Wifi,#EB0064
764,Las Nieves,SANTA FE,4.606061,-74.074319,Punto Wifi,#EB0064
765,Minuto de Dios,ENGATIVA,4.696655,-74.091482,Punto Wifi,#EB0064
766,Modelia,ENGATIVA,4.675044,-74.117117,Punto Wifi,#EB0064
767,Molinos,RAFAEL URIBE URIBE,4.557059,-74.121834,Punto Wifi,#EB0064
768,Movistar Arena,TEUSAQUILLO,4.650039,-74.078346,Punto Wifi,#EB0064
769,Museo del Oro,SANTA FE,4.601161,-74.072898,Punto Wifi,#EB0064
770,Museo Nacional,SANTA FE,4.615247,-74.069226,Punto Wifi,#EB0064
771,Nariño,ANTONIO NARIÑO,4.586286,-74.093926,Punto Wifi,#EB0064
772,Normandía,ENGATIVA,4.669021,-74.11326,Punto Wifi,#EB0064
773,Olaya,RAFAEL URIBE URIBE,4.578909,-74.107361,Punto Wifi,#EB0064
774,Patio Bonito,KENNEDY,4.633172,-74.164606,Punto Wifi,#EB0064
775,Pepe Sierra,USAQUEN,4.698125,-74.055298,Punto Wifi,#EB0064
776,Perdomo,BOSA,4.595776,-74.164971,Punto Wifi,#EB0064
777,Policarpa,SAN CRISTOBAL,4.586257,-74.086921,Punto Wifi,#EB0064
778,Portal 20 de Julio,SAN CRISTOBAL,4.565718,-74.097008,Punto Wifi,#EB0064
779,Portal de la 80,ENGATIVA,4.709829,-74.110506,Punto Wifi,#EB0064
780,Portal de las Américas,KENNEDY,4.629381,-74.173058,Punto Wifi,#EB0064
781,Portal de Suba,SUBA,4.746815,-74.094279,Punto Wifi,#EB0064
782,Portal de Usme,USME,4.531715,-74.119391,Punto Wifi,#EB0064
783,Portal del Norte,USAQUEN,4.754621,-74.046035,Punto Wifi,#EB0064
784,Portal del Sur,BOSA,4.597013,-74.169398,Punto Wifi,#EB0064
785,Portal del Tunal,TUNJUELITO,4.569571,-74.13924,Punto Wifi,#EB0064
786,Portal El Dorado,FONTIBON,4.681604,-74.121395,Punto Wifi,#EB0064
787,Pradera,PUENTE ARANDA,4.628532,-74.118673,Punto Wifi,#EB0064
788,Puente Aranda,PUENTE ARANDA,4.625669,-74.10464,Punto Wifi,#EB0064
789,Puentelargo,SUBA,4.693291,-74.067141,Punto Wifi,#EB0064
790,Quiroga,RAFAEL URIBE URIBE,4.576796,-74.114377,Punto Wifi,#EB0064
791,Rionegro,BARRIOS UNIDOS,4.680501,-74.064704,Punto Wifi,#EB0064
792,San Mateo,MUNICIPIOS ALEDAÑOS,4.585983,-74.20546,Punto Wifi,#EB0064
793,Santa Isabel,PUENTE ARANDA,4.601667,-74.102611,Punto Wifi,#EB0064
794,Santa Lucía,RAFAEL URIBE URIBE,4.570964,-74.124695,Punto Wifi,#EB0064
795,SENA,PUENTE ARANDA,4.597371,-74.110643,Punto Wifi,#EB0064
796,Socorro,RAFAEL URIBE URIBE,4.564658,-74.125573,Punto Wifi,#EB0064
797,Universidades,SANTA FE,4.604643,-74.06731,Punto Wifi,#EB0064
798,Venecia,KENNEDY,4.595567,-74.14265,Punto Wifi,#EB0064
799,Virrey,CHAPINERO,4.675994,-74.059012,Punto Wifi,#EB0064

